create database homework1;
use homework1;

drop table if exists Utente;
create table Utente(
username varchar(50) primary key,
email Varchar(100),
usr_password Varchar(50)
);

drop table if exists Argomenti;
create table Argomenti(
ID_arg int primary key auto_increment,
Titolo Varchar(100),
Contenuto longtext,
ID_User varchar(50) references Utente(username),
Data_Pubblicazione varchar(50),
Tag varchar(45)
);

drop table if exists Likes;
create table Likes(
ID_Like int primary key auto_increment,
ID_argomento int references Argomenti(ID_Arg),
ID_User varchar(50) references Utente(username)
);

drop table if exists commenti;
create table Commenti(
ID_Comm int primary key auto_increment,
ID_argomento int references Argomenti(ID_Arg),
ID_User varchar(50) references Utente(username),
Commento mediumtext,
orario varchar(50)
);

DELIMITER $$
CREATE TRIGGER argomenti_AFTER_DELETE AFTER DELETE ON argomenti FOR EACH ROW
BEGIN
Delete from likes where (ID_argomento=old.ID_arg);
Delete from commenti where (ID_argomento=old.ID_arg);
END
$$
DELIMITER ;

INSERT INTO `argomenti` (`ID_arg`, `Titolo`, `Contenuto`, `ID_User`, `Data_Pubblicazione`, `Tag`) VALUES
(34, 'Linkin Park - Hybrid Theory', 'Los Angeles, 1996.\r\nMike Shinoda, Brad Delson e Rob Bourdon, tre amici conosciutisi al liceo e accomunati da una forte passione per la musica, decidono di formare un gruppo: nascono così i SuperXero. Successivamente entrarono a far parte di quella band anche i giovani Dave Farrel e Joseph Hahn, e il monicker fu abbreviato in Xero. Mark Wakefield divenne il primo cantante della band e di lì a poco fu registrato il primo demo ufficiale eponimo, che non destò però l’interesse delle case discografiche. Con l’uscita di scena di Wakefield, che abbandonò il progetto nel 1998, fu chiamato ad entrare nella line-up Chester Bennington, cantante con già qualche esperienza musicale sulle spalle. Il nome della band fu nuovamente cambiato, ma questa volta fu scelto il nome Hybrid Theory, con cui diedero alle stampe l’EP Hybrid Theory nel 1999. Nel frattempo ci furono nuovi cambi in formazione (Kyle Christener sostituì per un periodo limitato alla chitarra Brad Delson, mentre l’ultimo arrivato, Scott Koziol, prese per poco tempo in mano il basso), e la band, dopo i primi importanti concerti in quel di Los Angeles, firmò per la Warner e cambiò definitivamente il proprio nome in Linkin Park. Nel 2000, la band ora composta da Chester Bennington, Mike Shinoda, Brad Delson, Rob Bourdon e Joseph Hahn dà vita al proprio esordio discografico, dal titolo Hybrid Theory. Il disco, prodotto da Don Gilmore (che sarà presente anche in Meteora), può vantare oltre 30 milioni di copie vendute ed un’immediata fama conquistata su larga scala. Lo stile è assolutamente originale nel suo insieme: cantato principalmente rap accostato ad una voce pulita (ma con frequente uso del growl), chitarre graffianti, e ritmi tipici delle correnti nu metal ed hip-hop; si notano sia le naturali influenze dei vari Korn, Deftones, Limp Bizkit, sia i tanti spunti di originalità propri della band losangelina. Questo debutto rappresenta, per i Linkin Park, un primo felice tentativo di unire due generi tanto diversi, avvicinando così a sé una maggiore fascia di pubblico e le buone intenzioni profuse raggiungono difatti in breve tempo il successo sperato. Non è un caso se un’intera generazione (quella dei giovani adolescenti degli anni ’90), grazie anche a quel nefasto fenomeno televisivo che tanto ha dato ma ancor più ha tolto alla musica e che risponde al nome di MTV, sono stati letteralmente travolti dallo stile e dalla musica dei Linkin Park. Per quanto sia sicuramente sbagliato associarli ad un qualsivoglia filone metal, non si può ad ogni modo negare il loro significativo impatto sulla scena rock mondiale.\r\n\r\nAd aprire il tutto ci pensa Papercut, perfetto esempio di come possano ottimamente coesistere stili tanto diversi tra loro. A partire dalle voci, dove abbiamo sia il cantato rap di Shinoda, sia la voce pulita ed incisiva di Bennington, fino alla parte strumentale con ritmi a metà tra l’hip-hop ed il metal e chitarre lasciate a svolgere la funzione di tappeto melodico insieme a strumenti elettronici come sintetizzatori e campionatori. La più breve One Step Closer prosegue su questi binari, pur avendo dalla sua una maggior carica di aggressività ben rappresentata dall’uso di voci rabbiose dai toni forti e carichi di invettiva. With You (che potrebbe essere la colonna sonora di un’intera vita per chi è cresciuto ascoltando questo disco fino allo sfinimento) presenta un’atmosfera apparentemente più calma e contenuta, evolvendosi però in una manifestazione di sentimenti comprendenti gli errori di un passato non ancora lontano ed il relativo impatto sull’animo del protagonista, espressi con fare quasi rassegnato (ma non privo di una flebile dose di speranza) dai due singer statunitensi. Tornano prepotentemente a farsi sentire i toni dell’invettiva con Points Of Authority, che vede quindi nuovamente protagoniste le voci aggressive e piene di rabbia, qui sorrette da una base elettronica che è tra le più evidenti del disco. Atmosfere nettamente più delicate ed emozionali caratterizzano la successiva Crawling, che rappresenta uno tra gli episodi migliori del platter, anche se bisogna sottolineare il modo in cui i Linkin Park trasmettono a noi queste emozioni. Il gruppo, non spinge sul piano melodico per mezzo degli strumenti, ma piuttosto puntando sulle grandiose potenzialità di Bennington, bravo soprattutto nel calibrare emozioni di dolore, di disagio ed all’occorrenza anche di rabbia repressa. Si arriva così alla metà di Hybrid Theory, dove troviamo la bella Runaway, che non si pone sul buon livello delle precedenti, ma risulta comunque accettabile e gradita ad ogni nuovo ascolto. Qui le tematiche riguardano la fuga dalle menzogne e la conseguente ricerca della verità, un sentimento di rabbia col retrogusto di rivincita. Non importa nei confronti di chi, l’importante è che la rivincita venga messa in atto. Proseguendo su questa linea, dubbi e domande esistenziali correlate a sentimenti di sofferenza privi di ogni speranza, costituiscono il nucleo tematico di By Myself, canzone tra le più cattive del lotto che non si fa però mancare alcuni momenti riflessivi, espressi da una base musicale delicata quanto basta per non perdere nulla in quanto a potenza ed aggressività. Ed eccoci arrivati alla domanda che molti di voi, negli anni, vi sarete posti: In The End è solo un successo commerciale come tanti altri, o si tratta anche -e soprattutto- di un capolavoro? Dal mio punto di vista, In The End è da considerare un vero e proprio capolavoro. Vuoi per quel piano iniziale, vuoi per quella delicatezza che non ti aspetti da una band di questo tipo, vuoi per quelle due voci così perfette insieme (una senza l’altra non sarebbe la stessa cosa), insomma, per un motivo o per l’altro, alla fine il risultato è uno solo: capolavoro. Che piaccia o no. Abbandoniamo tutto ciò e torniamo al nostro rap metal di partenza. A Place For My Head ricade pienamente in questa strana definizione di genere, in quanto il cantato rappato di Shinoda sembra proprio andare a braccetto con la potenza tipica del mondo metallico, con un’interpretazione sincera e sentita. Tralascio volontariamente il racconto dei testi in questione poiché poco o nulla si discostano dalle tematiche affrontate in precedenza, che vanno dalla paranoia al disagio sociale e personale, dai dubbi e dalle preoccupazioni di una vita travagliata ai forti sentimenti di rivincita nei confronti del prossimo. Sullo stesso piano della precedente troviamo Forgotten, che poco si distingue per originalità, puntando tutto sulla potenza esecutiva dei cinque statunitensi. Un punto a favore dell’originalità di cui sopra va invece assegnato alla strumentale Cure For The Itch, che anche se non brilla di particolare bellezza qualitativa, si distingue per il massiccio uso di elementi elettronici, andando a spezzare la linearità sostanziale dell’album. Album che si conclude al meglio con l’intensissima Pushing Me Away, canzone all’insegna della melodia che ben racchiude le grandi qualità espressive della band.\r\n\r\nNon rimane molto da aggiungere a quanto detto, se non un piccolo monito nei confronti dei detrattori dei Linkin Park ed in particolare di un album del calibro di Hybrid Theory. Non nego che l’assiduo accostamento della band in questione al genere (o al mondo del) metal possa far storcere il naso a molti (in certi casi pure a me, ve l’assicuro), ma bisogna comunque elogiare quanto da loro fatto nei primi anni di quella che è una carriera poco più che decennale, sottolineando che la fortuna che un album può avere negli anni non potrà mai dipendere in tutto e per tutto da quanto i video estratti da esso siano trasmessi a rotazione dai canali musicali o da quanto spesso sentiamo le canzoni per radio. Il successo di una band si misura basandosi sulla qualità intrinseca di un lavoro eseguito e sulla durata nel tempo di quelle canzoni, aggiungendo poi alla valutazione altri importanti punti come l’originalità del prodotto e la capacità di far presa sull’ascoltatore; tutti elementi in continuo collegamento tra loro. Per cui, prendendo spunto dalla mia analisi, riascoltatevi con orecchie diverse Hybrid Theory, consci del fatto che si trattava dell’esordio sulle scene dei Linkin Park, che allora erano ancora una band emergente come tante altre. Una band che non ha mai avuto la pretesa di essere amata da tutti, ma che con le proprie armi ha tirato fuori un lavoro meritevole d’attenzione. E allora, per un momento soltanto, mi permetto di fare un salto indietro al 2000 e di esprimere a gran voce il mio giudizio nei confronti di quella giovane band e del loro disco d’esordio: ascolto consigliatissimo; non siete costretti ad essere degli adolescenti arrabbiati con la società per trarne beneficio.', 'angelo01', '28-5-2023 11:20:42', 'Linkin Park'),
(35, 'Linkin Park - Meteora 20th Anniversary Edition', 'I\'m lost in these memories\r\nLiving behind my own illusion\r\nLost all my dignity\r\nLiving inside my own confusion.\r\n\r\nI try to keep this pain inside but I will never be alright\r\n(I\'m lost) I try to keep this pain inside but I will never be alright.\r\n\r\n(Lost)\r\n\r\n25/03/2003 - 07/04/2023\r\n\r\nUn altro anniversario, un’altra ricorrenza fondamentale per chi ama i Linkin Park.\r\n\r\nSono passati vent’anni dall’uscita di Meteora, l’ultimo vero grande album nu metal della fase storica. In quell’ormai distante 2003 i Limp Bizkit sterzano malamente (Results May Very), i Korn guardano con nostalgia al passato (Take a Look in the Mirror), i Deftones non bissano i livelli di White Pony (il comunque valido self-titled) e tutte le altre formazioni (Sevendust–Seasons, P.O.D.–Payable on Death, Ill Niño–Confession, Spineshank–Self Destructive Pattern etc.) si dimostrano incapaci di arginare la spietata concorrenza del metalcore e dell’emo/post-hardcore, nuovi dominatori nel mainstream statunitense e non per il resto del decennio. Solo i Linkin Park si rivelano immuni alla crisi del genere e con il loro secondo full-length rafforzano una leadership inattaccabile per numeri, statistiche e qualità: il trono della Billboard US 200 (traguardo non raggiunto dall’illustre predecessore), oltre 810.000 copie vendute in una settimana, ad oggi più di sedici milioni, otto certificazioni di platino e soprattutto una tracklist memorabile e ricca di brani storici come Somewhere I Belong, Numb, Faint, Breaking the Habit e From the Inside. Un rapido inciso: a differenza della recensione di Hybrid Theory 20th Anniversary Edition, qui non indugerò in personalismi/concessioni autobiografiche (unica eccezione: Meteora è il mio disco preferito insieme a HT) e dunque, senza rinvii ulteriori, prepariamoci a girare le lancette indietro fino al 2002-2003/04 e apriamo il Super Deluxe Box Set per scartare metaforicamente i regali che il gruppo ha deciso di offrire alla propria fanbase.\r\n\r\nIspirato nel titolo ai monasteri greci edificati nei pressi di Kalambaka, Meteora (μετά + ἀείρω) doveva reggere l’urto e la pressione di un album macina-record quale Hybrid Theory, fulmine a ciel sereno che nel 2000 aveva lanciato una band semisconosciuta (reduce dalla gavetta underground sotto il moniker Xero) nel gotha commerciale degli USA e del mondo. Replicare il successo e i pregi di hit come In the End, One Step Closer, Crawling o Papercut sembrava un compito fin troppo arduo e invece i Linkin Park hanno saputo zittire i detrattori elaborando una scaletta formalmente impeccabile, capace di mantenere salde le peculiarità nu metal della \"Teoria Ibrida\" e al contempo di variare la formula mediante alcuni dettagli lascianti già intravedere la futura transizione verso l’alternative rock. Minore tormento e maggiore introspezione, meno rabbia e più vulnerabilità: da questi solchi emotivi nascono le melodie sofferte di Easier to Run, l’interiorità di Somewhere I Belong, From the Inside e Breaking the Habit, il diamante Numb, la frustrazione di Nobody’s Listening (caratteristica per l’impiego del flauto giapponese shakuhachi), l’urgenza di Faint (movimentata dagli archi) e Don’t Stay e infine il trasporto di Hit the Floor, Figure.09 e Lying From You. Siamo pertanto di fronte a un eccellente album di “melodic nu metal” che, per i suoi vent’anni, merita di essere celebrato attraverso una riedizione denominata nel formato più lussuoso 20th Anniversary Edition Super Deluxe Box Set, una raccolta pantagruelica nella quale vengono inclusi quattro CD, cinque vinili, tre dvd, un libro di quaranta pagine, un poster 36” x 24”, un retro sticker sheet, una litografia opera di Delta (lo street artist visibile in copertina), stencil con il logo e una hi-res digital download card.\r\n\r\nIn cifre sintetiche, parliamo di novanta brani per un totale di quattro ore e mezza all’insegna della pura estasi linkinparkiana: inutile sottolineare come tale uscita sia rivolta in maniera esclusiva ai nostalgici e ai completisti, figure in cui si rispecchiano i die-hard fan che sanno a memoria le tracce dei dischi, già conoscono i vari estratti dagli LP Underground e dal Live Rarities e in cuor loro attendevano questa pubblicazione nella speranza di poter ascoltare nuove demo e le tanto agognate Unreleased, proprio come successo tre anni fa nel capitolo Forgotten Demos della HT 20th Edition. Volendo subito tranquillizzare questa “categoria protetta”, anticipo che la band è venuta incontro alle richieste della propria milizia e ha fornito le risposte ad interrogativi che dal 2003 rendevano le notti lunghe e agitate; non solo conferme quindi ma anche sorprese davvero inaspettate legittimanti la bontà di questa operazione commemorativa, “sincera” nelle intenzioni e non equiparabile ad un mero tentativo di cash-grab a danni dei supporter romantici e (fin troppo) ingenui.\r\n\r\nOltre al full-length standard di Meteora, il Super Deluxe Box Set rispolvera i fasti dell’attività concertistica mediante l’apoteosi nu metal di Live in Texas (un’esibizione killer con le migliori tracce di Hybrid Theory e gli allora nuovi brani del secondo disco, più una Pushing Me Away/P5hng Me A*way in salsa Reanimation) e Live in Nottingham 2003, aperto dalla strumentale Session (usata anche nella soundtrack di Matrix Reloaded) e a differenza del primo set comprendente Hit the Floor e Easier to Run. Si entra nell’alveo delle B-Sides con l’LPU Rarities 2.0, diciannove chicche elargite nel corso degli anni al fanclub ufficiale LP Underground e quindi già note agli esperti in materia: qui troverete le demo strumentali di Somewhere I Belong (Pretty Birdy) e Breaking the Habit (Drawing e in aggiunta “la cantata” Original 2002 Mike demo), le versioni work-in progress con testi alternativi di Faint e Figure.09, gli scratch e i riff nu metal di A.06/A-Six, due rarità quali Sold My Soul to Yo Mama (interludio a cura di mister Hahn) e Standing in the Middle (rap-rock tra Mike e gli ospiti Motion Man e KutMasta Kurt, già visti nel remix Enth E Nd di Reanimation) e infine una lunga serie di strumentali testimonianti la direzione stilistica di Meteora (Program del 2001, la proto-More the Victim Cumulus, Soundtrack, Broken Foot, Ominous, Unfortunate, Pepper, Halo, Rhinocerous e Attached, risalente addirittura a fine 2000/inizio 2001 e quindi la più antica testimonianza del post-Hybrid Theory).\r\n\r\nNel Live Rarities 2003/2004 (Step Up e My December sono però tratti da show del 2002) spiccano il medley Step Up/Nobody’s Listening/It’s Goin’ Down, One Step Closer eseguita con Jonathan Davis dei Korn e la cover dei Nine Inch Nails Wish (il cui unico difetto è la censura delle explicit lyrics), ma arrivati a questo punto l’attenzione si concentra inevitabilmente sullo scrigno delle Lost Demos, il più ambito dell’intero Box e per i fan un altro piccolo grande sogno che diventa realtà. Chi ha visto The Making of Meteora sa a cosa alludo: se nell’era di Hybrid Theory il “Sacro Graal delle Unreleased” corrispondeva a Pictureboard, nel biennio 2002/2003 a guadagnarsi tale fama sono state ben tre canzoni, udite di sfuggita in quel dvd senza avere dati a riguardo né titoli provvisori. Qui si sconfina davvero nel territorio dell’ultrà completista e riferimenti del tipo Thoughts That Take Away My Pride, Unknown Rob Drum Song e The Wizard Song non diranno niente ai più, ma vi assicuro che i Linkin Park-addicted hanno pazientato vent’anni per ascoltarle e grazie a questa Meteora 20th Anniversary Edition il desiderio è stato finalmente esaudito.\r\n\r\nNon se la prendano le demo strumentali Cuidado (Lying From You) e Interrogation (Easier to Run) né le comunque interessantissime beta version di Faint (Meteora|20 Demo), Hit the Floor (Husky), From the Inside (Shifter) e Figure.09 (Plaster 2; Plaster 1 era One Step Closer), ma sono le restanti Lost Demos a catturare l’interesse maggiore visto il grado di rarità che le equipara a preziosi oggetti da collezione: è infatti un vero piacere godersi una A6 con voce inclusa, mettere in loop continuo la strumentale Wesside, tuffarsi nel melodic rap-rock dell’inedita More the Victim (fino ad ora disponibile solo nella versione strumentale Cumulus) o giudicare Massive come ponte stilistico fra il retaggio di Hybrid Theory (certi riff e una linea di testo ripresa da Untitled/In the End) e il progressivo spostamento del baricentro verso l’elettronica e l’imprinting melodico tipico di Meteora. La crème de la crème viene alfine racchiusa in un lotto di quattro brani che -al di là dei paletti recensori- definirei speciali ed emozionanti, un po’ come delle vecchie/nuove fotografie di un passato ormai lontano che riescono a far vibrare importanti corde sentimentali anche nel presente: dalla malinconica Resolution (The Wizard Song) al delicato rap-rock/nu metal di Healing Foot aka Rob Drum Song (titolo dovuto -come la demo Broken Foot- a un infortunio occorso nel 2001 a Brad Delson) si giunge poi a due autentiche gemme dal valore incalcolabile per chi non ha mai smesso di farsi accompagnare dalla musica di questa band. Parlo della meravigliosa Fighting Myself, trovata negli archivi inizialmente priva del contributo di Chester e, una volta recuperati i suoi take (I went into the multitracks and found different chorus ideas), assemblata da Mike in modo tale che il ritornello si incastrasse al meglio in una composizione “finita al 90%”: aperto da un sample con la voce effettata di Shinoda, il brano ondeggia su frequenze nu metal in pieno stile Meteora e mette di nuovo in luce la solida alternanza fra le strofe rap anni ’00 di Mike e gli adamantini refrain di Chester, una garanzia che ha segnato in maniera indelebile i trascorsi di migliaia e migliaia di adolescenti nel primo decennio del secolo corrente. Ancor più incredibile è il fatto che durante la ricerca di questo pezzo il mastermind si sia imbattuto casualmente in Lost, una traccia di cui aveva scordato l’esistenza (nomen omen), completa in tutto e per tutto ma non inserita in scaletta a causa di un’eccessiva affinità stilistica con Numb. In effetti il mood alternative rock dalle forti nuance elettroniche rimanda al classico della loro discografia e, allo stesso tempo, gioca in anticipo di quasi dieci anni su quanto verrà prodotto in Living Things, rendendo così l’ormai ex-Thoughts That Take Away My Pride (linea di testo rimossa dalla final version) il dono più bello e sorprendente del Box Set.\r\n\r\nSensazioni agrodolci, nostalgia che si mescola al rimpianto, la conflittuale assenza di Chester e l’amara felicità di poter ascoltare il suo timbro nei brani inediti mascherandoli come “nuovi”: Meteora 20 è un turbinio emozionale che saprà lasciare il segno come Hybrid Theory 2020, non semplici ristampe quanto delle vere e proprie esperienze cucite su misura per i fan che hanno dato alla musica dei Linkin Park un peso [s]oggettivo al di là delle etichette e di qualunque discorso legato all’appartenenza a uno o più sottogeneri. Il discorso affettivo in questione non ha chiaramente una portata generale, ma l’invito rimane esteso a chiunque volesse compiere un viaggio a ritroso negli ultimi fasti della golden era del nu metal, una stagione controversa, altalenante e a suo modo ineguagliabile al pari della carriera degli stessi Linkin Park.\r\n\r\nFalling from grace, I watch it all come apart\r\nKnowing I could\'ve changed it all from the start\r\nFighting myself, I always lose\r\nFighting myself, I always lose.\r\n\r\n(Fighting Myself)', 'angelo01', '28-5-2023 11:22:1', 'Linkin Park'),
(36, 'Metallica - Master Of Puppets', 'Ci sono dei rari, rarissimi dischi -vere e proprie opere d’arte in tutti i sensi- che è quasi impossibile riuscire a spiegare, analizzare, sezionare. Ci sono dei rari, rarissimi dischi che contengono tutto quello che un dato momento storico-social-musicale è in grado di trasmettere e ci sono gruppi i quali, senza esattamente rendersi conto del come e del perché, riescono a farsi icone viventi del sentimento, del modo di vivere, sentire, soffrire, disperarsi, lottare ed urlare di una intera generazione; quei dischi e quei gruppi sono destinati alla storia, ciò qualsiasi cosa abbiano fatto in precedenza e qualsiasi cosa, anche negativa -ed è questo il caso- siano destinati a fare dopo. Master Of Puppets dei Metallica è uno dei più perfetti esempi disponibili su piazza in questo senso.\r\n\r\nLa band si era già posta, in un periodo di tempo molto limitato, a capo di un movimento musicale allora ancora giovane, ma già in grado di irretire milioni di fan in tutto il mondo e dopo l’acerba ma incendiaria prima prova di Kill’Em All -mia la prima copia giunta a Messina- e la maturazione trovata in Ride The Lightning -stesso discorso perché presa da Revolver a Roma di ritorno dal concerto AC/DC+Mötley Crüe- l’uscita di Master Of Puppets rappresentava la prova del fuoco per un gruppo che si trovava davanti ad un importante bivio: cominciare a godersi quanto conquistato sfornando un album in sicurezza, o cercare di spostare un po’ più in là il tiro provando a fare qualcosa di più rischioso, e così per fortuna fecero.\r\n\r\nRicordo perfettamente la faccia della commessa del negozio di dischi del centro -l’Elektra consentiva la distribuzione anche nei negozi “normali”- che ogni volta che compravo qualcosa (Iron Maiden o Saxon) mi guardava con la faccia che esprimeva concetti elevati quali: \"\'Sto drogato capellone del cazzo… guarda che copertina… che schifo\"; ricordo perfettamente quando adagiai il vinile sul piatto del mio scassatissimo “compatto”, e ricordo chiaramente lo stupore che provai fin dalle prime note: sì, lo stupore. Non tanto per l’opener Battery -incentrata sul tema della violenza fisica- semplice, rocciosa e quadrata, ma per il suono, diverso dal solito, più cupo, più oscuro; ma solo la successiva canzone-manifesto Master of Puppets mi fece capire quanto il suono era diverso. Il produttore Flemming Rasmussen, di concerto con i membri della band e con Hetfield in particolare, era riuscito a ricavare presso gli Sweet Silence Studios di Copenaghen un suono incredibilmente compresso. Avviluppato su se stesso -forse soprattutto per ciò che riguarda la batteria di Ulrich- ma nel contempo pesante, claustrofobico, direi perfettamente nel mood dei racconti di Lovecraft, la cui influenza attraversa diagonalmente tutto il lavoro.\r\n\r\nLa titletrack infatti si può porre su tre piani di lettura: uno più palese che riguarda la tossicodipendenza; uno più evidente che riguarda il rapporto potente/sottomesso; ed un altro -più subliminale- che sembra rifarsi alle divinità dei Miti di Cthulhu, tesi avvalorata dal pezzo successivo. Ad ogni modo Master of Puppets definì gli standard compositivi del thrash più ricercato e contiene nella seconda parte, oltre ad una dose elevata di pathos (anche questo presente in tutto l’album), uno dei soli migliori di Hammett il quale -narra la leggenda- prese alcune lezioni da Satriani.\r\n\r\nCome crawling faster\r\nobey your Master\r\nyour life burns faster\r\nobey your Ma-ster\r\nMa-ster\r\n\r\nLa vena compositiva del gruppo, ispirata come non sarà mai più, trova il suo compendio in The Thing That Should Not Be, incredibilmente pesante pur non essendo molto veloce, straordinariamente destabilizzante, quasi insopportabile nella sua schizofrenicità più oscura di quella trasmessa dai Black Sabbath stessi.\r\n\r\nHe searches\r\nHunter of the Shadows is rising\r\nimmortal\r\nin madness\r\nYou dwell\r\n\r\nIl culto di Chtulhu è vivo, Lui è vivo nel suo tempio di R’lyeh, e tutto il cosmico terrore del distico dell’arabo pazzo Abdul Alhazred e del suo immondo Necronomicon è percepibile nella sua incommensurabile empietà.\r\n\r\nNot dead which eternal lie\r\nstranger eons Death may die\r\n\r\n...follia, pura follia.\r\n\r\nLa stessa follia tramessa dal crescendo di Welcome Home (Sanitarium), e dalla sofferenza indicibile del ricoverato, reduce dal Vietnam, che sogna la fuga tra i normali (?), ballad all’inizio, violenza straziante alla fine: bellissima. Ancora critica sociale alla guerra ed alle sue storture nella seconda facciata con Disposable Heroes, la violenza della battaglia e l’equilibrio tra i componenti del gruppo per confezionare un brano tra i più violenti dell’epoca. Più tradizionale Leper Messiah, altra invettiva a sfondo sociale stavolta contro i telepredicatori americani, all’epoca fenomeno quasi sconosciuto da noi, e brano che presenta più di una assonanza con certe cose dei Megadeth, non per nulla Mustaine ed Hetfield avranno più di una discussione circa la paternità del riff di base. A chiudere il tutto uno strumentale -Orion- dalla partitura molto complessa ed all’epoca molto sottovalutata; ed una devastante Damage, Inc. che riporta ai tempi di Kill’Em All, ma con il suono aggiornato.\r\n\r\nVi sarete accorti che fino ad ora non ho mai citato il quarto componente del gruppo, Cliff Burton, ciò perché egli merita un discorso a parte. Sicuramente il componente più tecnico dei Metallica -sua, per fare un esempio, Orion- e responsabile dei momenti più validi dal punto di vista tecnico della storia della band dai suoi inizi fino a questo disco, trovò la morte in un assurdo incidente con il tour bus in Svezia dopo un concerto con gli Anthrax -che gli dedicheranno Among the Living- probabilmente a causa dell’ubriachezza del conducente e, somma ironia della sorte, dopo essersi giocato il posto sul bus, l’unico mortale, con Kirk Hammett. Considerato uno dei bassisti metal più tecnici di sempre la sua dipartita ha condizionato anche il resto della carriera dei ’Tallica i quali, forse, ci avrebbero risparmiato certe prove decisamente sottotono, ma si tratta ovviamente di un dettaglio rispetto alla morte di Cliff (R.I.P.).\r\n\r\nHo amato Master Of Puppets come pochissimi altri dischi, e lo considero uno dei primi 5 album metal di sempre; i suoi 54.41 minuti di musica sono destinati a rimanere ben oltre la band, ben oltre i suoi passi falsi, e ben oltre le etichette di genere, perché qui non si tratta di metal, thrash, heavy o altro, si tratta di musica, grande, grandissima, ispiratissima musica.', 'andrea99', '28-5-2023 11:24:32', 'Metallica'),
(37, 'Plugs of Apocalypse - Deeper Than Hell', 'I Plugs of Apocalypse si formano nel settembre del 2008 a Roma per opera di cinque ragazzi appassionati alle sonorità metalcore e deathcore tipiche di quegli anni. Influenzati da band quali Suicide Silence, All Shall Perish e As I Lay Dying, pubblicano il loro album d’esordio, Necropolis, nel 2011, e il secondo lavoro, Ashes, ad un anno di distanza. Quest’ultimo permise alla band capitolina di aprire concerti per nomi importanti come Protest The Hero, iwrestledabearonce e Texas in July. La loro ultima release, Deeper Than Hell, a quanto dichiarato dal frontman Giorgio Della Posta, è un concept sulla malinconia e più in generale sul male di vivere, visti più dal lato umano che da quello clinico. Per rafforzare questo ambizioso progetto ed espandere il proprio pubblico la band ha drasticamente cambiato il proprio sound, da un deathcore roccioso e fin troppo debitore delle band ispiratrici ad un alternative metal con forti influenze gothic che in più di un occasione sfocia nel pop, grazie soprattutto all’introduzione di sintetizzatori, tastiere e voci pulite sia maschili che femminili.\r\n\r\nLa breve title-track, dalle sonorità ambient, svolge il ruolo di intro, per cui il primo vero pezzo risulta essere Ablaze. Per chi era abituato al sound deathcore delle uscite precedenti della band dev’essere stato uno shock sentire per la prima volta questo brano: un riff di tastiera che sovrasta completamente le chitarre e ritornellone strappalacrime con tanto di elettronica quasi dubstep buttata un po’ a casaccio. A seguire troviamo Burn Everything I Love, la traccia più orecchiabile dell’album e allo stesso tempo la peggiore, specialmente per un ritornello che, nonostante l’aggiunta della voce femminile, mette i brividi per la banalità. È palese che qua i Plugs of Apocalypse hanno cercato di ricopiare spudoratamente quanto già fatto dai Bring Me the Horizon con tracce discusse come Can You Feel My Heart e Drown; le parti elettroniche suonano impacciate e veramente troppo tendenti al pop e, anche se era chiaro dall’inizio che non si stava parlando di metal vero e proprio, ora è chiaro che non si può parlare neanche del tutto di rock. Tears ha solo un problema: inizia con un giro di tastiera che è praticamente quello di Ablaze al contrario, ma tolto questo è probabilmente una delle migliori canzoni dell’album, le chitarre si fanno più potenti e le tastiere più ragionate, il ritornello è finalmente coinvolgente e originale. I Plugs of Apocalypse dimostrano di saper gestire i momenti più riflessivi e atmosferici nelle successive Live Together, Die Alone e Louder. La prima soprattutto risulta essere veramente coinvolgente e fresca e finalmente si registra una grande prestazione di Giorgio Della Posta al microfono. Altro picco è sicuramente Broken Bones, dove finalmente riusciamo a sentire anche un po’ del basso di Iacopo Fichera. La conclusiva Beyond the Sky ci illude con una bella intro pianistica per poi infrangere le nostre speranze a suon di breakdown e screams un po’ impacciati prima dell’ennesimo ritornello in salsa gothic metal, scelta opinabile per la conclusione di un disco che lascia l’amaro in bocca.\r\nPurtroppo non c’è una canzone che non tenti il ritornello melodico in favore di qualcosa di più sperimentale e questo fattore, una volta arrivati a più di metà del disco, risulta veramente stressante. Tutti gli episodi dell’album sono simili fra loro e questo rende Deeper Than Hell un lavoro difficile da ascoltare dall’inizio alla fine. La produzione è piatta e ha un suono plastificato che strizza fin troppo l’occhio all’elettronica più commerciale, le chitarre per la maggior parte del tempo si limitano a breakdown appartenenti a quel sound metalcore che la band sta cercando così tanto di abbandonare; per non parlare del basso, assente ingiustificato per gran parte dell’album. Ma nonostante questo l’album non è completamente da buttare via. I duetti fra Giorgio Della Posta e le cantanti ospiti sono sempre ben ragionati e piacevoli, così come gli inserti delle tastiere, che risultano arrangiate con gusto e donano ad ogni brano una valenza melodica ulteriore che ne aumenta la qualità. La presenza di tracce ben al di sopra della media ci fa chiedere cosa potrebbe dare questa band se osasse di più e completasse la complessa metamorfosi che ha cominciato con questo lavoro.\r\n\r\nDeeper Than Hell è quindi una mossa coraggiosa, una sterzata stilistica per certi versi lontana anni luce dal metal, che però ripaga solo a metà. Probabilmente questa evoluzione avrebbe dovuto svolgersi in modo più graduale e calcolato. Come già detto, la prolissità eccessiva causata dalla somiglianza di ogni traccia e la produzione smaccatamente pop sono le più grandi pecche di Deeper Than Hell, le canzoni prese singolarmente e inframmezzate con altri ascolti rendono molto meglio. Bisogna comunque premiare l’originalità e la capacità di muoversi su territori musicali completamenti diversi l’uno dall’altro, sebbene i risultati attuali non siano che di poco superiori alla sufficienza.', 'andrea99', '28-5-2023 11:25:44', 'Plugs of Apocalypse'),
(38, 'Greta Van Fleet - The Battle at Garden`s Gate', 'Scrollarsi di dosso il macigno di un paragone con un nome altisonante che i più severi fra critici e ascoltatori continuano a rimproverargli (indovinate di quale band parliamo?) e riuscire a risplendere di luce propria dando ragione a tutti coloro che invece li celebrano come massimi paladini del rock contemporaneo o addirittura rinnovatori del suddetto in un panorama mainstream avaro e indifferente verso chi profonde sforzi al fine di mantenere alta l’attenzione sul nostro genere preferito. Che la band dei fratelli Kiszka abbia le luci dei riflettori fisse su di sé e venga puntualmente chiamata in causa nei più disparati dibattiti circa lo stato di salute del rock dei nostri tempi è innegabile e forse persino scontato sottolinearlo. Che tali chiacchiericci distolgano l’attenzione dal materiale da essi proposto andando ad alimentare d’ossigeno un gigantesco flame annichilente senza soluzione di continuità è altrettanto veritiero. Ed è frustrante. Ragion per cui, ci scuserà chi si aspetterebbe da questo scritto qualcosa di differente, noi cercheremo di soffermarci sulle canzoni e sulla condizione di forma dei Greta Van Fleet alla luce di quanto ascoltato nella seconda fatica discografica della band del Michigan, rea di aver arricchito con The Battle at Garden’s Gate il bagaglio di influenze, debitrici di un sound radicato nel meraviglioso decennio Settantiano che i nostri hanno dimostrato ancora di amare alla follia e di saper riportare in auge plasmandolo e “piegandolo” alla propria causa.\r\n\r\nSquadra che vince non si cambia ed è così che la line up celebra ancora l’idillio della cosiddetta azienda a carattere familiare con quei diavoli di Joshua, Jacob e Samuel ad occupare le rispettive mansioni di cantante, chitarrista e bassista/tastierista, col buon Daniel Wagner confermato alle pelli. Da segnalare invece la presenza del produttore Greg Kurstin il cui curriculum di lunga data annovera importanti collaborazioni con artisti internazionali della scena pop. La scelta di affidarsi a lui non è casuale: The Battle at Garden’s Gate, sebbene inserito in un chiaro contesto hard rock, carezza e lambisce suggestioni di carattere pop, o almeno della sua forma barocca e architettonica intesa nei Seventies. E non è tutto. Il disco sa destreggiarsi piuttosto agilmente anche nei territori cari al rock progressivo e psichedelico e al blues, a riprova di una maggiore ricercatezza e di una crescita della band palpabile ed evidente sin dai primi ascolti. Scordatevi dunque le progressioni frizzanti ed elettriche di pezzi come Safari Song o Highway Tune, inni di scatenato furore appartenenti alla prima fase del gruppo. Sin dalle prime note dell’opener Heat Above, infatti, è possibile percepire la decisa sterzata operata dai Greta Van Fleet a favore di suoni che privilegiano atmosfere oniriche e sognanti, quasi come se i quattro ragazzi si trovassero sospesi nel tempo fluttuando in nebbie imperscrutabili di arcana magia, con l’hammond a disegnare trame complesse e indecifrabili in piena linea con il tentativo di raccontare, forse con ingenuità, un mondo distante e sconsiderato, divorato dalle fauci del capitalismo all’alba di un’era ove a dominare sull’aspetto umano sono le macchine. Questa cosiddetta scissione dal mondo sensoriale fatto di alienazione e finzione viene agevolata dalle scelte di settaggio degli strumenti, in particolar modo della chitarra, la quale incarna un timbro caldo e dal sapore vintage mentre puntella di malinconia le sezioni di My Way, Soon, traccia vivace che ritrova nei ruggiti coi quali Joshua Kiszka battezza i versi del ritornello l’antica grinta primordiale degli esordi, sebbene dosata dall’innovativa riflessione e pacatezza del nuovo corso. D’altronde l’arpeggio pacifico e soffuso di Broken Bells sembra perdersi nei meandri irreali del flusso delle ere cristallizzandosi nella mente di chi ascolta ed ipnotizzandolo al cospetto di una canzone sentita e profonda il cui scopo è quello di narrare cullando con amorevolezza grazie ai sospiri del frontman che sfodera una delle prestazioni più convincenti, modulando la voce in un crescendo di pathos e andando a toccare vette di acutezza altissime, soprannaturali. E se Joshua Kiszka taglia la tensione emotiva con la facilità che incontrerebbe un coltello nel penetrare la superficie del burro, lo stesso non si può negare faccia Jacob Kiszka avvalendosi della sei corde e piazzando un riff dal retrogusto di un blues corrosivo nella successiva Built By Nations, la cui natura nervosa e acida annichilisce i nervi a fior di pelle e prosegue spedita nel macinare, nota dopo nota, passaggi che si acutizzano nell’assolo anarchico e quasi improvvisato che è messo lì a mo’ di jam a disorientare e sorprendere. L’ambizione dei Greta Van Fleet e la fame di musica è tale da distendere il minutaggio delle tracce oltre i limiti finora auto-concessisi: Age of Machine è soltanto uno degli episodi nei quali la sperimentazione si adopera ad incamerare i soffi di novità nell’otre di Eolo che, una volta scoperchiato, rischia però di non riuscire pienamente a far confluire i venti nella giusta direzione. Se da un lato vi è poco da rimproverare alla tecnica sopraffina con la quale i Greta Van Fleet esprimono la propria arte, dall’altro si ha come l’impressione che la dilatazione delle armonie giri sostanzialmente a vuoto, tradendo un pizzico di acerbità che in una suite dal titolo emblematico come Age of Machine non ci si aspetterebbe. Tears of Rain mette le cose a posto e lo fa eleggendo una chiave di interpretazione in acustico che pennella una ballad magistrale, ancora una volta accesa dalla prova al microfono di Joshua Kiszka che impreziosisce con vocalizzi paurosi in apertura anche l’enigmatica Stardust Chords. Light My Love e Caravel segnano un punto di rottura piuttosto netto con il prosieguo dell’album: si tratta infatti di due pezzi speculari che potremmo definire fillers e che non dispiacciono né esaltano.\r\nIl trittico finale, come anticipato, riassume la vera espressione di cambiamento che i Greta Van Fleet hanno cercato di imprimere sul loro percorso di musicisti. The Barbarians, infatti, si veste di tinte epiche e solenni affogando qualsiasi tentativo di riconoscibilità usufruendo di inaspettati cambi di tempo e forma. La stessa Trip the Light Fantastic si distingue per una struttura anomala che alterna ai consueti acuti di Joshua Kiszka dei cori impavidi e degli intermezzi psichedelici. La conclusiva The Weight of Dreams -che proponiamo di ascoltare nella sua corposa esecuzione live- si appropria delle formule dell’heavy prog sfogandosi in un assolo di tre minuti che celebra le potenzialità della band anche e soprattutto in ottica futura. Qualcuno può già dire con certezza cosa suoneranno questi ragazzi fra dieci anni?\r\n\r\nDopo aver ascoltato a più riprese The Battle at Garden’s Gate non possiamo esimerci dal sottolineare quanto il disco rappresenti un netto passo in avanti nella carriera dei Greta Van Fleet, non tanto per la bontà allucinante di ogni suo singolo episodio quanto per il tentativo (riuscito) di eclissarsi dai fantasmi della semplice quantomai semplicistica catalogazione da “revival band” di ragazzi prodigio benvoluti dalle major e dalle radio.\r\nC’è davvero poco di pappabile in termine di commercialità, il che è un merito non da poco. Siamo abbastanza fiduciosi che i nostri sapranno proseguire sulla strada già tracciata e arricchita con questo The Battle at Garden’s Gate, al momento spartiacque che sulla lunga decreterà il destino dei Greta Van Fleet incoronandoli come i tanto attesi Messia del rock moderno oppure relegandoli al ruolo di fantastiche meteore.', 'andrea99', '28-5-2023 11:30:28', 'Greta Van Fleet'),
(39, 'Coldplay Music Of The Spheres', 'C’è un prima e un dopo Viva La Vida. Nei primi dieci anni di vita dei Coldplay quattro album, un substrato di Ep e b-side – in queste pagine abbiamo più volte sottolineato la necessità di riscoprirli – e un doppio processo: un lento abbandono di molti fan della prima ora da un lato, dall’altro una platea sempre più ampia e variegata a innamorarsi di quelle che ormai erano hit planetarie. Dopo il quarto album Chris Martin e i suoi colleghi hanno evidentemente fatto un patto: alternare un disco per chi ha amato o almeno voluto bene a quattro nerd sfigatelli che suonavano attorno a un mappamondo arancione al cambio di secolo, a un altro per tutti quelli che associano la parola Coldplay a coriandoli, fluo e un misto tra ballate patinate e singoli pop energici. Ecco quindi spiegata la discografia della band degli ultimi dieci anni. Mylo Xyloto (2011) sbirluccica di completi acetati, Ghost Stories (2014) è perlopiù intimista e notturno, in A Head Full of Dreams (2015) tornano i colori e luci, a dispetto del giro del mondo che fa sul profilo sonoro Everyday Life (2019) si mantiene nell’ombra. Come sarà allora Music of the Spheres?\r\n\r\nEsatto. Siamo nel lato cromatico della forza, acceso dalle roboanti collaborazioni con i Bts in My Universe e Selena Gomez in Let Somebody Go. E poi c’è Higher Power, che si è già conquistata le nostre orecchie per merito della radio e di qualche pubblicità. A santificare l’amore iniziale dei Coldplay per i Pink Floyd – consigliato il primo Ep per la quota “chicca discografica” – c’è il finale affidato a Coloratura, dieci minuti di una ballata che potrebbe anche finire un po’ prima, a dire il vero. Sorvoliamo rapidamente su tutti i brani che hanno per titolo i simboli, più che altro degli intermezzi strumentali tra i quali si distinguono un soul a cappella appesantito dal vocoder – il nome della canzone corrisponde al segno del cuore – con la partecipazione dei We Are King e Jacob Collier, e il tappeto digitale carino ma adornato con un orribile «ole’ ole’ ole’ ole’» di qualche live della band. Con un po’ di concentrazione quest’ultimo brano – il suo segno è l’infinito – è carino e riporta alla coda finale di Viva la Vida or Death and All His Friends. Rimanendo su questo album, la canzone più riuscita di Music of the Spheres è…. una demo scartata per il disco del 2008. Music of the Pride ha mantenuto anche lo stesso testo di The Man Who Swears, ma ha stravolto la bozza voce e piano – probabilmente in rete c’è traccia – in quella che sarà certamente, nel bene o nel male, una hit e a più di qualcuno farà venire in mente Shoot the Runner dei Kasabian.\r\n\r\nI Coldplay sono quel compagno di banco con cui al liceo facevi di tutto e di cui hai perso le tracce, un po’ perché sei cresciuto e un po’ perché il fascino di quei tempi lo ha abbandonato. Ogni tanto ti ricorda perché gli hai voluto bene, ma è diventato qualcos’altro. Certo, un concerto di Chris Martin e soci sarà uno spettacolo nel vero senso della parola, ma basta questo? Se sei una band su cui piovono dischi d’oro e altri riconoscimenti ma sei prevedibile e hai un passato costellato di brani di gran lunga migliori degli ultimi album, forse la risposta arriva da sé.', 'jessica_real_99', '28-5-2023 11:33:51', 'Coldplay');

INSERT INTO `commenti` (`ID_Comm`, `ID_argomento`, `ID_User`, `Commento`, `orario`) VALUES
(39, 35, 'andrea99', 'Secondo me quest\'album è uno dei migliori mai creato in assoluto dai linkin park!', '28-5-2023 11:23:26'),
(40, 36, 'jessica_real_99', 'Non mi piacciono i metallica... troppo pesanti... musica da vecchi!', '28-5-2023 11:34:37'),
(41, 36, 'andrea99', 'Non capisci nulla di musica invece!!', '28-5-2023 11:35:49'),
(42, 39, 'federico_metal', 'i coldplay hanno fatto delle bellissime canzoni, ma solo nel primo album secondo me... Poi si sono \"commercializzati\" troppo...', '28-5-2023 11:38:12'),
(43, 36, 'federico_metal', 'Concordo con andrea!! Non si può sentire che i metallica sono da vecchi ahahha', '28-5-2023 11:39:12'),
(44, 34, 'federico_metal', 'Album FANTASTICO!', '28-5-2023 11:40:8'),
(45, 39, 'andrea99', 'federico mio padre!', '28-5-2023 11:40:50'),
(46, 34, 'andrea99', 'ESATTAMENTEEEEE', '28-5-2023 11:41:19'),
(47, 37, 'angelo01', 'Finalmente un gruppo italiano che fa delle bellissime canzoni!', '28-5-2023 11:42:48'),
(48, 36, 'jessica_real_99', 'Boomer :)', '28-5-2023 12:45:16');

INSERT INTO `likes` (`ID_Like`, `ID_argomento`, `ID_User`) VALUES
(136, 35, 'andrea99'),
(137, 34, 'andrea99'),
(138, 38, 'jessica_real_99'),
(139, 38, 'federico_metal'),
(140, 37, 'federico_metal'),
(141, 36, 'federico_metal'),
(142, 35, 'federico_metal'),
(143, 34, 'federico_metal'),
(144, 39, 'angelo01'),
(145, 38, 'angelo01'),
(146, 37, 'angelo01');

INSERT INTO `utente` (`username`, `email`, `usr_password`) VALUES
('andrea99', 'andrea.galvano2@gmail.com', 'vB5IDOejPFvCfWkunlVpZQ=='),
('angelo01', 'andrea.galvano2@gmail.com', 'vB5IDOejPFvCfWkunlVpZQ=='),
('federico_metal', 'andrea.galvano2@gmail.com', 'vB5IDOejPFvCfWkunlVpZQ=='),
('jessica_real_99', 'andrea.galvano2@gmail.com', 'vB5IDOejPFvCfWkunlVpZQ==');

/*Tutte le password sono 123456789? */
